<?xml version='1.0' encoding='utf-8' ?>
<!DOCTYPE document SYSTEM "file:///C:/Xilinx/acr2/data/xmlReportxbr.dtd">
<document><ascFile>ControlUnit19.rpt</ascFile><devFile>C:/Xilinx/acr2/data/xa2c32a.chp</devFile><mfdFile>ControlUnit19.mfd</mfdFile><htmlFile logo="coolrunnerII_logo.jpg" pin_legend="pinlegend.htm" logic_legend="logiclegend.htm"/><header pkg="VQ44" date=" 8-20-2024" time="  0:39AM" speed="-6" design="ControlUnit19" device="XA2C32A" status="10" eqnType="1" version="1.0" statusStr="Design Rule Checking Failed" swVersion="H.38"/><inputs id="instr10_SPECSIG"/><inputs id="instr11_SPECSIG"/><inputs id="instr12_SPECSIG"/><inputs id="instr13_SPECSIG"/><inputs id="instr14_SPECSIG"/><inputs id="instr15_SPECSIG"/><inputs id="instr16_SPECSIG"/><inputs id="instr17_SPECSIG"/><inputs id="instr18_SPECSIG"/><inputs id="instr1_SPECSIG"/><inputs id="instr2_SPECSIG"/><inputs id="instr3_SPECSIG"/><inputs id="instr4_SPECSIG"/><inputs id="instr5_SPECSIG"/><inputs id="instr6_SPECSIG"/><inputs id="instr7_SPECSIG"/><inputs id="instr8_SPECSIG"/><inputs id="instr9_SPECSIG"/><pin id="FB_PIN35" use="VCCAUX" pinnum="35"/><pin id="FB_PIN7" use="VCCIO-UNUSED" pinnum="7"/><pin id="FB_PIN15" use="VCC" pinnum="15"/><pin id="FB_PIN26" use="VCCIO-UNUSED" pinnum="26"/><failuretable><failsig name="alu_op_0_OBUF"/><failsig name="alu_op_1_OBUF"/><failsig name="alu_op_2_OBUF"/><failsig name="is_imm_OBUF"/><failsig name="rd_addr_0"/><failsig name="rd_addr_1"/><failsig name="rd_addr_2"/><failsig name="rd_addr_3"/><failsig name="rs1_addr_0"/><failsig name="rs1_addr_1"/><failsig name="rs1_addr_2"/><failsig name="rs1_addr_3"/><failsig name="rs2_addr_0"/><failsig name="rs2_addr_1"/><failsig name="rs2_addr_2"/><failsig name="rs2_addr_3"/><failsig name="we_OBUF"/></failuretable><unmapped_logic><pterm id="DummyFB_1_1"><signal id="instr18_SPECSIG" negated="ON"/><signal id="instr17_SPECSIG" negated="ON"/><signal id="instr16_SPECSIG" negated="ON"/></pterm><unmapped_eqn iostd="LVCMOS18" output="ON" sigUse="3"><equation id="we"><d2><eq_pterm ptindx="DummyFB_1_1"/></d2></equation></unmapped_eqn><pterm id="DummyFB_2_1"><signal id="instr1_SPECSIG"/></pterm><pterm id="DummyFB_2_2"><signal id="we"/></pterm><unmapped_eqn iostd="LVCMOS18" output="ON" sigUse="2"><equation id="rd_addr0_SPECSIG" regUse="LATCH"><d2><eq_pterm ptindx="DummyFB_2_1"/></d2><clk><eq_pterm ptindx="DummyFB_2_2"/></clk></equation></unmapped_eqn><pterm id="DummyFB_3_1"><signal id="instr2_SPECSIG"/></pterm><pterm id="DummyFB_3_2"><signal id="we"/></pterm><unmapped_eqn iostd="LVCMOS18" output="ON" sigUse="2"><equation id="rd_addr1_SPECSIG" regUse="LATCH"><d2><eq_pterm ptindx="DummyFB_3_1"/></d2><clk><eq_pterm ptindx="DummyFB_3_2"/></clk></equation></unmapped_eqn><pterm id="DummyFB_4_1"><signal id="instr3_SPECSIG"/></pterm><pterm id="DummyFB_4_2"><signal id="we"/></pterm><unmapped_eqn iostd="LVCMOS18" output="ON" sigUse="2"><equation id="rd_addr2_SPECSIG" regUse="LATCH"><d2><eq_pterm ptindx="DummyFB_4_1"/></d2><clk><eq_pterm ptindx="DummyFB_4_2"/></clk></equation></unmapped_eqn><pterm id="DummyFB_5_1"><signal id="instr4_SPECSIG"/></pterm><pterm id="DummyFB_5_2"><signal id="we"/></pterm><unmapped_eqn iostd="LVCMOS18" output="ON" sigUse="2"><equation id="rd_addr3_SPECSIG" regUse="LATCH"><d2><eq_pterm ptindx="DummyFB_5_1"/></d2><clk><eq_pterm ptindx="DummyFB_5_2"/></clk></equation></unmapped_eqn><pterm id="DummyFB_6_1"><signal id="instr9_SPECSIG"/></pterm><pterm id="DummyFB_6_2"><signal id="we"/></pterm><unmapped_eqn iostd="LVCMOS18" output="ON" sigUse="2"><equation id="rs1_addr0_SPECSIG" regUse="LATCH"><d2><eq_pterm ptindx="DummyFB_6_1"/></d2><clk><eq_pterm ptindx="DummyFB_6_2"/></clk></equation></unmapped_eqn><pterm id="DummyFB_7_1"><signal id="instr10_SPECSIG"/></pterm><pterm id="DummyFB_7_2"><signal id="we"/></pterm><unmapped_eqn iostd="LVCMOS18" output="ON" sigUse="2"><equation id="rs1_addr1_SPECSIG" regUse="LATCH"><d2><eq_pterm ptindx="DummyFB_7_1"/></d2><clk><eq_pterm ptindx="DummyFB_7_2"/></clk></equation></unmapped_eqn><pterm id="DummyFB_8_1"><signal id="instr11_SPECSIG"/></pterm><pterm id="DummyFB_8_2"><signal id="we"/></pterm><unmapped_eqn iostd="LVCMOS18" output="ON" sigUse="2"><equation id="rs1_addr2_SPECSIG" regUse="LATCH"><d2><eq_pterm ptindx="DummyFB_8_1"/></d2><clk><eq_pterm ptindx="DummyFB_8_2"/></clk></equation></unmapped_eqn><pterm id="DummyFB_9_1"><signal id="instr12_SPECSIG"/></pterm><pterm id="DummyFB_9_2"><signal id="we"/></pterm><unmapped_eqn iostd="LVCMOS18" output="ON" sigUse="2"><equation id="rs1_addr3_SPECSIG" regUse="LATCH"><d2><eq_pterm ptindx="DummyFB_9_1"/></d2><clk><eq_pterm ptindx="DummyFB_9_2"/></clk></equation></unmapped_eqn><pterm id="DummyFB_10_1"><signal id="instr5_SPECSIG"/></pterm><pterm id="DummyFB_10_2"><signal id="we"/></pterm><unmapped_eqn iostd="LVCMOS18" output="ON" sigUse="2"><equation id="rs2_addr0_SPECSIG" regUse="LATCH"><d2><eq_pterm ptindx="DummyFB_10_1"/></d2><clk><eq_pterm ptindx="DummyFB_10_2"/></clk></equation></unmapped_eqn><pterm id="DummyFB_11_1"><signal id="instr6_SPECSIG"/></pterm><pterm id="DummyFB_11_2"><signal id="we"/></pterm><unmapped_eqn iostd="LVCMOS18" output="ON" sigUse="2"><equation id="rs2_addr1_SPECSIG" regUse="LATCH"><d2><eq_pterm ptindx="DummyFB_11_1"/></d2><clk><eq_pterm ptindx="DummyFB_11_2"/></clk></equation></unmapped_eqn><pterm id="DummyFB_12_1"><signal id="instr7_SPECSIG"/></pterm><pterm id="DummyFB_12_2"><signal id="we"/></pterm><unmapped_eqn iostd="LVCMOS18" output="ON" sigUse="2"><equation id="rs2_addr2_SPECSIG" regUse="LATCH"><d2><eq_pterm ptindx="DummyFB_12_1"/></d2><clk><eq_pterm ptindx="DummyFB_12_2"/></clk></equation></unmapped_eqn><pterm id="DummyFB_13_1"><signal id="instr8_SPECSIG"/></pterm><pterm id="DummyFB_13_2"><signal id="we"/></pterm><unmapped_eqn iostd="LVCMOS18" output="ON" sigUse="2"><equation id="rs2_addr3_SPECSIG" regUse="LATCH"><d2><eq_pterm ptindx="DummyFB_13_1"/></d2><clk><eq_pterm ptindx="DummyFB_13_2"/></clk></equation></unmapped_eqn><pterm id="DummyFB_14_1"><signal id="instr13_SPECSIG"/><signal id="we"/></pterm><unmapped_eqn iostd="LVCMOS18" output="ON" sigUse="2"><equation id="alu_op0_SPECSIG"><d2><eq_pterm ptindx="DummyFB_14_1"/></d2></equation></unmapped_eqn><pterm id="DummyFB_15_1"><signal id="instr14_SPECSIG"/><signal id="we"/></pterm><unmapped_eqn iostd="LVCMOS18" output="ON" sigUse="2"><equation id="alu_op1_SPECSIG"><d2><eq_pterm ptindx="DummyFB_15_1"/></d2></equation></unmapped_eqn><pterm id="DummyFB_16_1"><signal id="instr15_SPECSIG"/><signal id="we"/></pterm><unmapped_eqn iostd="LVCMOS18" output="ON" sigUse="2"><equation id="alu_op2_SPECSIG"><d2><eq_pterm ptindx="DummyFB_16_1"/></d2></equation></unmapped_eqn><unmapped_eqn iostd="LVCMOS18" output="ON" sigUse="0"><equation id="is_imm"><d2><eq_pterm ptindx="GND"/></d2></equation></unmapped_eqn><unmapped_input id="instr10_SPECSIG"/><unmapped_input id="instr11_SPECSIG"/><unmapped_input id="instr12_SPECSIG"/><unmapped_input id="instr13_SPECSIG"/><unmapped_input id="instr14_SPECSIG"/><unmapped_input id="instr15_SPECSIG"/><unmapped_input id="instr16_SPECSIG"/><unmapped_input id="instr17_SPECSIG"/><unmapped_input id="instr18_SPECSIG"/><unmapped_input id="instr1_SPECSIG"/><unmapped_input id="instr2_SPECSIG"/><unmapped_input id="instr3_SPECSIG"/><unmapped_input id="instr4_SPECSIG"/><unmapped_input id="instr5_SPECSIG"/><unmapped_input id="instr6_SPECSIG"/><unmapped_input id="instr7_SPECSIG"/><unmapped_input id="instr8_SPECSIG"/><unmapped_input id="instr9_SPECSIG"/></unmapped_logic><vcc/><gnd/><messages><error>Cpld:847 - Insufficient number of input pins.  This design needs at least   18 but only 16 left after allocating other resources.</error><error>Cpld:29 - Device XA2C32A-6-VQ44 was disqualified.</error><error>Cpld:30 - The design requires too many resources to fit in any of the   specified devices.</error><warning>Cpld:868 - Cannot fit the design into any of the specified devices with   the selected implementation options.</warning></messages><compOpts loc="ON" part="xa2c32a-6-VQ44" prld="LOW" slew="FAST" inreg="ON" iostd="LVCMOS18" mlopt="ON" gsropt="ON" gtsopt="ON" inputs="32" keepio="OFF" pterms="36" unused="GROUND" exhaust="OFF" gclkopt="ON" wysiwyg="OFF" blkfanin="38" datagate="ON" ignoredg="OFF" ignorets="OFF" optimize="DENSITY" terminate="FLOAT"/><specSig value="instr&lt;10&gt;" signal="instr10_SPECSIG"/><specSig value="instr&lt;11&gt;" signal="instr11_SPECSIG"/><specSig value="instr&lt;12&gt;" signal="instr12_SPECSIG"/><specSig value="instr&lt;13&gt;" signal="instr13_SPECSIG"/><specSig value="instr&lt;14&gt;" signal="instr14_SPECSIG"/><specSig value="instr&lt;15&gt;" signal="instr15_SPECSIG"/><specSig value="instr&lt;16&gt;" signal="instr16_SPECSIG"/><specSig value="instr&lt;17&gt;" signal="instr17_SPECSIG"/><specSig value="instr&lt;18&gt;" signal="instr18_SPECSIG"/><specSig value="instr&lt;1&gt;" signal="instr1_SPECSIG"/><specSig value="instr&lt;2&gt;" signal="instr2_SPECSIG"/><specSig value="instr&lt;3&gt;" signal="instr3_SPECSIG"/><specSig value="instr&lt;4&gt;" signal="instr4_SPECSIG"/><specSig value="instr&lt;5&gt;" signal="instr5_SPECSIG"/><specSig value="instr&lt;6&gt;" signal="instr6_SPECSIG"/><specSig value="instr&lt;7&gt;" signal="instr7_SPECSIG"/><specSig value="instr&lt;8&gt;" signal="instr8_SPECSIG"/><specSig value="instr&lt;9&gt;" signal="instr9_SPECSIG"/><specSig value="rd_addr&lt;0&gt;" signal="rd_addr0_SPECSIG"/><specSig value="rd_addr&lt;1&gt;" signal="rd_addr1_SPECSIG"/><specSig value="rd_addr&lt;2&gt;" signal="rd_addr2_SPECSIG"/><specSig value="rd_addr&lt;3&gt;" signal="rd_addr3_SPECSIG"/><specSig value="rs1_addr&lt;0&gt;" signal="rs1_addr0_SPECSIG"/><specSig value="rs1_addr&lt;1&gt;" signal="rs1_addr1_SPECSIG"/><specSig value="rs1_addr&lt;2&gt;" signal="rs1_addr2_SPECSIG"/><specSig value="rs1_addr&lt;3&gt;" signal="rs1_addr3_SPECSIG"/><specSig value="rs2_addr&lt;0&gt;" signal="rs2_addr0_SPECSIG"/><specSig value="rs2_addr&lt;1&gt;" signal="rs2_addr1_SPECSIG"/><specSig value="rs2_addr&lt;2&gt;" signal="rs2_addr2_SPECSIG"/><specSig value="rs2_addr&lt;3&gt;" signal="rs2_addr3_SPECSIG"/><specSig value="alu_op&lt;0&gt;" signal="alu_op0_SPECSIG"/><specSig value="alu_op&lt;1&gt;" signal="alu_op1_SPECSIG"/><specSig value="alu_op&lt;2&gt;" signal="alu_op2_SPECSIG"/></document>
