<?xml version='1.0' encoding='utf-8' ?>
<!DOCTYPE document SYSTEM "file:///C:/Xilinx/acr2/data/xmlReportxbr.dtd">
<document><ascFile>EX_MEM_reg.rpt</ascFile><devFile>C:/Xilinx/acr2/data/xa2c32a.chp</devFile><mfdFile>EX_MEM_reg.mfd</mfdFile><htmlFile logo="coolrunnerII_logo.jpg" pin_legend="pinlegend.htm" logic_legend="logiclegend.htm"/><header pkg="VQ44" date=" 8-20-2024" time="  0:21AM" speed="-6" design="EX_MEM_reg" device="XA2C32A" status="10" eqnType="1" version="1.0" statusStr="Design Rule Checking Failed" swVersion="H.38"/><inputs id="clk"/><inputs id="reset"/><inputs id="alu_result_in0_SPECSIG"/><inputs id="alu_result_in10_SPECSIG"/><inputs id="alu_result_in11_SPECSIG"/><inputs id="alu_result_in12_SPECSIG"/><inputs id="alu_result_in13_SPECSIG"/><inputs id="alu_result_in14_SPECSIG"/><inputs id="alu_result_in15_SPECSIG"/><inputs id="alu_result_in16_SPECSIG"/><inputs id="alu_result_in17_SPECSIG"/><inputs id="alu_result_in18_SPECSIG"/><inputs id="alu_result_in1_SPECSIG"/><inputs id="alu_result_in2_SPECSIG"/><inputs id="alu_result_in3_SPECSIG"/><inputs id="alu_result_in4_SPECSIG"/><inputs id="alu_result_in5_SPECSIG"/><inputs id="alu_result_in6_SPECSIG"/><inputs id="alu_result_in7_SPECSIG"/><inputs id="alu_result_in8_SPECSIG"/><inputs id="alu_result_in9_SPECSIG"/><inputs id="rd_in0_SPECSIG"/><inputs id="rd_in1_SPECSIG"/><inputs id="rd_in2_SPECSIG"/><inputs id="rd_in3_SPECSIG"/><inputs id="we_in"/><pin id="FB_PIN35" use="VCCAUX" pinnum="35"/><pin id="FB_PIN7" use="VCCIO-UNUSED" pinnum="7"/><pin id="FB_PIN15" use="VCC" pinnum="15"/><pin id="FB_PIN26" use="VCCIO-UNUSED" pinnum="26"/><failuretable><failsig name="alu_result_out_0"/><failsig name="alu_result_out_1"/><failsig name="alu_result_out_10"/><failsig name="alu_result_out_11"/><failsig name="alu_result_out_12"/><failsig name="alu_result_out_13"/><failsig name="alu_result_out_14"/><failsig name="alu_result_out_15"/><failsig name="alu_result_out_16"/><failsig name="alu_result_out_17"/><failsig name="alu_result_out_18"/><failsig name="alu_result_out_2"/><failsig name="alu_result_out_3"/><failsig name="alu_result_out_4"/><failsig name="alu_result_out_5"/><failsig name="alu_result_out_6"/><failsig name="alu_result_out_7"/><failsig name="alu_result_out_8"/><failsig name="alu_result_out_9"/><failsig name="rd_out_0"/><failsig name="rd_out_1"/><failsig name="rd_out_2"/><failsig name="rd_out_3"/><failsig name="we_out_OBUF"/></failuretable><unmapped_logic><pterm id="DummyFB_1_1"><signal id="alu_result_in0_SPECSIG"/></pterm><pterm id="DummyFB_1_2"><signal id="reset"/></pterm><pterm id="DummyFB_1_3"><signal id="clk"/></pterm><unmapped_eqn iostd="LVCMOS18" output="ON" sigUse="3"><equation id="alu_result_out0_SPECSIG" regUse="DFF"><d2><eq_pterm ptindx="DummyFB_1_1"/></d2><clk><eq_pterm ptindx="DummyFB_1_3"/></clk><reset><eq_pterm ptindx="DummyFB_1_2"/></reset></equation></unmapped_eqn><pterm id="DummyFB_2_1"><signal id="alu_result_in1_SPECSIG"/></pterm><pterm id="DummyFB_2_2"><signal id="reset"/></pterm><pterm id="DummyFB_2_3"><signal id="clk"/></pterm><unmapped_eqn iostd="LVCMOS18" output="ON" sigUse="3"><equation id="alu_result_out1_SPECSIG" regUse="DFF"><d2><eq_pterm ptindx="DummyFB_2_1"/></d2><clk><eq_pterm ptindx="DummyFB_2_3"/></clk><reset><eq_pterm ptindx="DummyFB_2_2"/></reset></equation></unmapped_eqn><pterm id="DummyFB_3_1"><signal id="alu_result_in10_SPECSIG"/></pterm><pterm id="DummyFB_3_2"><signal id="reset"/></pterm><pterm id="DummyFB_3_3"><signal id="clk"/></pterm><unmapped_eqn iostd="LVCMOS18" output="ON" sigUse="3"><equation id="alu_result_out10_SPECSIG" regUse="DFF"><d2><eq_pterm ptindx="DummyFB_3_1"/></d2><clk><eq_pterm ptindx="DummyFB_3_3"/></clk><reset><eq_pterm ptindx="DummyFB_3_2"/></reset></equation></unmapped_eqn><pterm id="DummyFB_4_1"><signal id="alu_result_in11_SPECSIG"/></pterm><pterm id="DummyFB_4_2"><signal id="reset"/></pterm><pterm id="DummyFB_4_3"><signal id="clk"/></pterm><unmapped_eqn iostd="LVCMOS18" output="ON" sigUse="3"><equation id="alu_result_out11_SPECSIG" regUse="DFF"><d2><eq_pterm ptindx="DummyFB_4_1"/></d2><clk><eq_pterm ptindx="DummyFB_4_3"/></clk><reset><eq_pterm ptindx="DummyFB_4_2"/></reset></equation></unmapped_eqn><pterm id="DummyFB_5_1"><signal id="alu_result_in12_SPECSIG"/></pterm><pterm id="DummyFB_5_2"><signal id="reset"/></pterm><pterm id="DummyFB_5_3"><signal id="clk"/></pterm><unmapped_eqn iostd="LVCMOS18" output="ON" sigUse="3"><equation id="alu_result_out12_SPECSIG" regUse="DFF"><d2><eq_pterm ptindx="DummyFB_5_1"/></d2><clk><eq_pterm ptindx="DummyFB_5_3"/></clk><reset><eq_pterm ptindx="DummyFB_5_2"/></reset></equation></unmapped_eqn><pterm id="DummyFB_6_1"><signal id="alu_result_in13_SPECSIG"/></pterm><pterm id="DummyFB_6_2"><signal id="reset"/></pterm><pterm id="DummyFB_6_3"><signal id="clk"/></pterm><unmapped_eqn iostd="LVCMOS18" output="ON" sigUse="3"><equation id="alu_result_out13_SPECSIG" regUse="DFF"><d2><eq_pterm ptindx="DummyFB_6_1"/></d2><clk><eq_pterm ptindx="DummyFB_6_3"/></clk><reset><eq_pterm ptindx="DummyFB_6_2"/></reset></equation></unmapped_eqn><pterm id="DummyFB_7_1"><signal id="alu_result_in14_SPECSIG"/></pterm><pterm id="DummyFB_7_2"><signal id="reset"/></pterm><pterm id="DummyFB_7_3"><signal id="clk"/></pterm><unmapped_eqn iostd="LVCMOS18" output="ON" sigUse="3"><equation id="alu_result_out14_SPECSIG" regUse="DFF"><d2><eq_pterm ptindx="DummyFB_7_1"/></d2><clk><eq_pterm ptindx="DummyFB_7_3"/></clk><reset><eq_pterm ptindx="DummyFB_7_2"/></reset></equation></unmapped_eqn><pterm id="DummyFB_8_1"><signal id="alu_result_in15_SPECSIG"/></pterm><pterm id="DummyFB_8_2"><signal id="reset"/></pterm><pterm id="DummyFB_8_3"><signal id="clk"/></pterm><unmapped_eqn iostd="LVCMOS18" output="ON" sigUse="3"><equation id="alu_result_out15_SPECSIG" regUse="DFF"><d2><eq_pterm ptindx="DummyFB_8_1"/></d2><clk><eq_pterm ptindx="DummyFB_8_3"/></clk><reset><eq_pterm ptindx="DummyFB_8_2"/></reset></equation></unmapped_eqn><pterm id="DummyFB_9_1"><signal id="alu_result_in16_SPECSIG"/></pterm><pterm id="DummyFB_9_2"><signal id="reset"/></pterm><pterm id="DummyFB_9_3"><signal id="clk"/></pterm><unmapped_eqn iostd="LVCMOS18" output="ON" sigUse="3"><equation id="alu_result_out16_SPECSIG" regUse="DFF"><d2><eq_pterm ptindx="DummyFB_9_1"/></d2><clk><eq_pterm ptindx="DummyFB_9_3"/></clk><reset><eq_pterm ptindx="DummyFB_9_2"/></reset></equation></unmapped_eqn><pterm id="DummyFB_10_1"><signal id="alu_result_in17_SPECSIG"/></pterm><pterm id="DummyFB_10_2"><signal id="reset"/></pterm><pterm id="DummyFB_10_3"><signal id="clk"/></pterm><unmapped_eqn iostd="LVCMOS18" output="ON" sigUse="3"><equation id="alu_result_out17_SPECSIG" regUse="DFF"><d2><eq_pterm ptindx="DummyFB_10_1"/></d2><clk><eq_pterm ptindx="DummyFB_10_3"/></clk><reset><eq_pterm ptindx="DummyFB_10_2"/></reset></equation></unmapped_eqn><pterm id="DummyFB_11_1"><signal id="alu_result_in18_SPECSIG"/></pterm><pterm id="DummyFB_11_2"><signal id="reset"/></pterm><pterm id="DummyFB_11_3"><signal id="clk"/></pterm><unmapped_eqn iostd="LVCMOS18" output="ON" sigUse="3"><equation id="alu_result_out18_SPECSIG" regUse="DFF"><d2><eq_pterm ptindx="DummyFB_11_1"/></d2><clk><eq_pterm ptindx="DummyFB_11_3"/></clk><reset><eq_pterm ptindx="DummyFB_11_2"/></reset></equation></unmapped_eqn><pterm id="DummyFB_12_1"><signal id="alu_result_in2_SPECSIG"/></pterm><pterm id="DummyFB_12_2"><signal id="reset"/></pterm><pterm id="DummyFB_12_3"><signal id="clk"/></pterm><unmapped_eqn iostd="LVCMOS18" output="ON" sigUse="3"><equation id="alu_result_out2_SPECSIG" regUse="DFF"><d2><eq_pterm ptindx="DummyFB_12_1"/></d2><clk><eq_pterm ptindx="DummyFB_12_3"/></clk><reset><eq_pterm ptindx="DummyFB_12_2"/></reset></equation></unmapped_eqn><pterm id="DummyFB_13_1"><signal id="alu_result_in3_SPECSIG"/></pterm><pterm id="DummyFB_13_2"><signal id="reset"/></pterm><pterm id="DummyFB_13_3"><signal id="clk"/></pterm><unmapped_eqn iostd="LVCMOS18" output="ON" sigUse="3"><equation id="alu_result_out3_SPECSIG" regUse="DFF"><d2><eq_pterm ptindx="DummyFB_13_1"/></d2><clk><eq_pterm ptindx="DummyFB_13_3"/></clk><reset><eq_pterm ptindx="DummyFB_13_2"/></reset></equation></unmapped_eqn><pterm id="DummyFB_14_1"><signal id="alu_result_in4_SPECSIG"/></pterm><pterm id="DummyFB_14_2"><signal id="reset"/></pterm><pterm id="DummyFB_14_3"><signal id="clk"/></pterm><unmapped_eqn iostd="LVCMOS18" output="ON" sigUse="3"><equation id="alu_result_out4_SPECSIG" regUse="DFF"><d2><eq_pterm ptindx="DummyFB_14_1"/></d2><clk><eq_pterm ptindx="DummyFB_14_3"/></clk><reset><eq_pterm ptindx="DummyFB_14_2"/></reset></equation></unmapped_eqn><pterm id="DummyFB_15_1"><signal id="alu_result_in5_SPECSIG"/></pterm><pterm id="DummyFB_15_2"><signal id="reset"/></pterm><pterm id="DummyFB_15_3"><signal id="clk"/></pterm><unmapped_eqn iostd="LVCMOS18" output="ON" sigUse="3"><equation id="alu_result_out5_SPECSIG" regUse="DFF"><d2><eq_pterm ptindx="DummyFB_15_1"/></d2><clk><eq_pterm ptindx="DummyFB_15_3"/></clk><reset><eq_pterm ptindx="DummyFB_15_2"/></reset></equation></unmapped_eqn><pterm id="DummyFB_16_1"><signal id="alu_result_in6_SPECSIG"/></pterm><pterm id="DummyFB_16_2"><signal id="reset"/></pterm><pterm id="DummyFB_16_3"><signal id="clk"/></pterm><unmapped_eqn iostd="LVCMOS18" output="ON" sigUse="3"><equation id="alu_result_out6_SPECSIG" regUse="DFF"><d2><eq_pterm ptindx="DummyFB_16_1"/></d2><clk><eq_pterm ptindx="DummyFB_16_3"/></clk><reset><eq_pterm ptindx="DummyFB_16_2"/></reset></equation></unmapped_eqn><pterm id="DummyFB_17_1"><signal id="alu_result_in7_SPECSIG"/></pterm><pterm id="DummyFB_17_2"><signal id="reset"/></pterm><pterm id="DummyFB_17_3"><signal id="clk"/></pterm><unmapped_eqn iostd="LVCMOS18" output="ON" sigUse="3"><equation id="alu_result_out7_SPECSIG" regUse="DFF"><d2><eq_pterm ptindx="DummyFB_17_1"/></d2><clk><eq_pterm ptindx="DummyFB_17_3"/></clk><reset><eq_pterm ptindx="DummyFB_17_2"/></reset></equation></unmapped_eqn><pterm id="DummyFB_18_1"><signal id="alu_result_in8_SPECSIG"/></pterm><pterm id="DummyFB_18_2"><signal id="reset"/></pterm><pterm id="DummyFB_18_3"><signal id="clk"/></pterm><unmapped_eqn iostd="LVCMOS18" output="ON" sigUse="3"><equation id="alu_result_out8_SPECSIG" regUse="DFF"><d2><eq_pterm ptindx="DummyFB_18_1"/></d2><clk><eq_pterm ptindx="DummyFB_18_3"/></clk><reset><eq_pterm ptindx="DummyFB_18_2"/></reset></equation></unmapped_eqn><pterm id="DummyFB_19_1"><signal id="alu_result_in9_SPECSIG"/></pterm><pterm id="DummyFB_19_2"><signal id="reset"/></pterm><pterm id="DummyFB_19_3"><signal id="clk"/></pterm><unmapped_eqn iostd="LVCMOS18" output="ON" sigUse="3"><equation id="alu_result_out9_SPECSIG" regUse="DFF"><d2><eq_pterm ptindx="DummyFB_19_1"/></d2><clk><eq_pterm ptindx="DummyFB_19_3"/></clk><reset><eq_pterm ptindx="DummyFB_19_2"/></reset></equation></unmapped_eqn><pterm id="DummyFB_20_1"><signal id="rd_in0_SPECSIG"/></pterm><pterm id="DummyFB_20_2"><signal id="reset"/></pterm><pterm id="DummyFB_20_3"><signal id="clk"/></pterm><unmapped_eqn iostd="LVCMOS18" output="ON" sigUse="3"><equation id="rd_out0_SPECSIG" regUse="DFF"><d2><eq_pterm ptindx="DummyFB_20_1"/></d2><clk><eq_pterm ptindx="DummyFB_20_3"/></clk><reset><eq_pterm ptindx="DummyFB_20_2"/></reset></equation></unmapped_eqn><pterm id="DummyFB_21_1"><signal id="rd_in1_SPECSIG"/></pterm><pterm id="DummyFB_21_2"><signal id="reset"/></pterm><pterm id="DummyFB_21_3"><signal id="clk"/></pterm><unmapped_eqn iostd="LVCMOS18" output="ON" sigUse="3"><equation id="rd_out1_SPECSIG" regUse="DFF"><d2><eq_pterm ptindx="DummyFB_21_1"/></d2><clk><eq_pterm ptindx="DummyFB_21_3"/></clk><reset><eq_pterm ptindx="DummyFB_21_2"/></reset></equation></unmapped_eqn><pterm id="DummyFB_22_1"><signal id="rd_in2_SPECSIG"/></pterm><pterm id="DummyFB_22_2"><signal id="reset"/></pterm><pterm id="DummyFB_22_3"><signal id="clk"/></pterm><unmapped_eqn iostd="LVCMOS18" output="ON" sigUse="3"><equation id="rd_out2_SPECSIG" regUse="DFF"><d2><eq_pterm ptindx="DummyFB_22_1"/></d2><clk><eq_pterm ptindx="DummyFB_22_3"/></clk><reset><eq_pterm ptindx="DummyFB_22_2"/></reset></equation></unmapped_eqn><pterm id="DummyFB_23_1"><signal id="rd_in3_SPECSIG"/></pterm><pterm id="DummyFB_23_2"><signal id="reset"/></pterm><pterm id="DummyFB_23_3"><signal id="clk"/></pterm><unmapped_eqn iostd="LVCMOS18" output="ON" sigUse="3"><equation id="rd_out3_SPECSIG" regUse="DFF"><d2><eq_pterm ptindx="DummyFB_23_1"/></d2><clk><eq_pterm ptindx="DummyFB_23_3"/></clk><reset><eq_pterm ptindx="DummyFB_23_2"/></reset></equation></unmapped_eqn><pterm id="DummyFB_24_1"><signal id="we_in"/></pterm><pterm id="DummyFB_24_2"><signal id="reset"/></pterm><pterm id="DummyFB_24_3"><signal id="clk"/></pterm><unmapped_eqn iostd="LVCMOS18" output="ON" sigUse="3"><equation id="we_out" regUse="DFF"><d2><eq_pterm ptindx="DummyFB_24_1"/></d2><clk><eq_pterm ptindx="DummyFB_24_3"/></clk><reset><eq_pterm ptindx="DummyFB_24_2"/></reset></equation></unmapped_eqn><unmapped_input id="clk"/><unmapped_input id="reset"/><unmapped_input id="alu_result_in0_SPECSIG"/><unmapped_input id="alu_result_in10_SPECSIG"/><unmapped_input id="alu_result_in11_SPECSIG"/><unmapped_input id="alu_result_in12_SPECSIG"/><unmapped_input id="alu_result_in13_SPECSIG"/><unmapped_input id="alu_result_in14_SPECSIG"/><unmapped_input id="alu_result_in15_SPECSIG"/><unmapped_input id="alu_result_in16_SPECSIG"/><unmapped_input id="alu_result_in17_SPECSIG"/><unmapped_input id="alu_result_in18_SPECSIG"/><unmapped_input id="alu_result_in1_SPECSIG"/><unmapped_input id="alu_result_in2_SPECSIG"/><unmapped_input id="alu_result_in3_SPECSIG"/><unmapped_input id="alu_result_in4_SPECSIG"/><unmapped_input id="alu_result_in5_SPECSIG"/><unmapped_input id="alu_result_in6_SPECSIG"/><unmapped_input id="alu_result_in7_SPECSIG"/><unmapped_input id="alu_result_in8_SPECSIG"/><unmapped_input id="alu_result_in9_SPECSIG"/><unmapped_input id="rd_in0_SPECSIG"/><unmapped_input id="rd_in1_SPECSIG"/><unmapped_input id="rd_in2_SPECSIG"/><unmapped_input id="rd_in3_SPECSIG"/><unmapped_input id="we_in"/></unmapped_logic><vcc/><gnd/><messages><error>Cpld:847 - Insufficient number of input pins.  This design needs at least   26 but only 9 left after allocating other resources.</error><error>Cpld:29 - Device XA2C32A-6-VQ44 was disqualified.</error><error>Cpld:30 - The design requires too many resources to fit in any of the   specified devices.</error><warning>Cpld:868 - Cannot fit the design into any of the specified devices with   the selected implementation options.</warning></messages><compOpts loc="ON" part="xa2c32a-6-VQ44" prld="LOW" slew="FAST" inreg="ON" iostd="LVCMOS18" mlopt="ON" gsropt="ON" gtsopt="ON" inputs="32" keepio="OFF" pterms="36" unused="GROUND" exhaust="OFF" gclkopt="ON" wysiwyg="OFF" blkfanin="38" datagate="ON" ignoredg="OFF" ignorets="OFF" optimize="DENSITY" terminate="FLOAT"/><specSig value="alu_result_in&lt;0&gt;" signal="alu_result_in0_SPECSIG"/><specSig value="alu_result_in&lt;10&gt;" signal="alu_result_in10_SPECSIG"/><specSig value="alu_result_in&lt;11&gt;" signal="alu_result_in11_SPECSIG"/><specSig value="alu_result_in&lt;12&gt;" signal="alu_result_in12_SPECSIG"/><specSig value="alu_result_in&lt;13&gt;" signal="alu_result_in13_SPECSIG"/><specSig value="alu_result_in&lt;14&gt;" signal="alu_result_in14_SPECSIG"/><specSig value="alu_result_in&lt;15&gt;" signal="alu_result_in15_SPECSIG"/><specSig value="alu_result_in&lt;16&gt;" signal="alu_result_in16_SPECSIG"/><specSig value="alu_result_in&lt;17&gt;" signal="alu_result_in17_SPECSIG"/><specSig value="alu_result_in&lt;18&gt;" signal="alu_result_in18_SPECSIG"/><specSig value="alu_result_in&lt;1&gt;" signal="alu_result_in1_SPECSIG"/><specSig value="alu_result_in&lt;2&gt;" signal="alu_result_in2_SPECSIG"/><specSig value="alu_result_in&lt;3&gt;" signal="alu_result_in3_SPECSIG"/><specSig value="alu_result_in&lt;4&gt;" signal="alu_result_in4_SPECSIG"/><specSig value="alu_result_in&lt;5&gt;" signal="alu_result_in5_SPECSIG"/><specSig value="alu_result_in&lt;6&gt;" signal="alu_result_in6_SPECSIG"/><specSig value="alu_result_in&lt;7&gt;" signal="alu_result_in7_SPECSIG"/><specSig value="alu_result_in&lt;8&gt;" signal="alu_result_in8_SPECSIG"/><specSig value="alu_result_in&lt;9&gt;" signal="alu_result_in9_SPECSIG"/><specSig value="rd_in&lt;0&gt;" signal="rd_in0_SPECSIG"/><specSig value="rd_in&lt;1&gt;" signal="rd_in1_SPECSIG"/><specSig value="rd_in&lt;2&gt;" signal="rd_in2_SPECSIG"/><specSig value="rd_in&lt;3&gt;" signal="rd_in3_SPECSIG"/><specSig value="alu_result_out&lt;0&gt;" signal="alu_result_out0_SPECSIG"/><specSig value="alu_result_out&lt;1&gt;" signal="alu_result_out1_SPECSIG"/><specSig value="alu_result_out&lt;10&gt;" signal="alu_result_out10_SPECSIG"/><specSig value="alu_result_out&lt;11&gt;" signal="alu_result_out11_SPECSIG"/><specSig value="alu_result_out&lt;12&gt;" signal="alu_result_out12_SPECSIG"/><specSig value="alu_result_out&lt;13&gt;" signal="alu_result_out13_SPECSIG"/><specSig value="alu_result_out&lt;14&gt;" signal="alu_result_out14_SPECSIG"/><specSig value="alu_result_out&lt;15&gt;" signal="alu_result_out15_SPECSIG"/><specSig value="alu_result_out&lt;16&gt;" signal="alu_result_out16_SPECSIG"/><specSig value="alu_result_out&lt;17&gt;" signal="alu_result_out17_SPECSIG"/><specSig value="alu_result_out&lt;18&gt;" signal="alu_result_out18_SPECSIG"/><specSig value="alu_result_out&lt;2&gt;" signal="alu_result_out2_SPECSIG"/><specSig value="alu_result_out&lt;3&gt;" signal="alu_result_out3_SPECSIG"/><specSig value="alu_result_out&lt;4&gt;" signal="alu_result_out4_SPECSIG"/><specSig value="alu_result_out&lt;5&gt;" signal="alu_result_out5_SPECSIG"/><specSig value="alu_result_out&lt;6&gt;" signal="alu_result_out6_SPECSIG"/><specSig value="alu_result_out&lt;7&gt;" signal="alu_result_out7_SPECSIG"/><specSig value="alu_result_out&lt;8&gt;" signal="alu_result_out8_SPECSIG"/><specSig value="alu_result_out&lt;9&gt;" signal="alu_result_out9_SPECSIG"/><specSig value="rd_out&lt;0&gt;" signal="rd_out0_SPECSIG"/><specSig value="rd_out&lt;1&gt;" signal="rd_out1_SPECSIG"/><specSig value="rd_out&lt;2&gt;" signal="rd_out2_SPECSIG"/><specSig value="rd_out&lt;3&gt;" signal="rd_out3_SPECSIG"/></document>
